INSERT INTO artists (artist_id, artist_name) VALUES
	(1, 'David Bowie'),
	(2, 'Elvis Presley'),
	(3, 'Егор Летов'),
	(4, 'Филипп Киркоров'),
	(5, 'Жанна Фриске'),
	(6, 'Drake'),
	(7, 'Eminem');

INSERT INTO genres (genre_id, genre_name) VALUES
	(1, 'Rock'),
	(2, 'Pop'),
	(3, 'Rap');

INSERT INTO albums (album_id, album_title, album_year) VALUES
	(1, 'Let''s Dance', 1983),
	(2, 'Labyrinth', 1986),
	(3, 'Low', 1977),
	(4, 'Fan in Acapulco', 1963),
	(5, 'Speedway', 1986),
	(6, 'Live', 2012),
	(7, 'Звездопад', 2002),
	(8, 'Инструкция по обороне', 2000),
	(9, 'Прыг-скок', 1990),
	(10, 'ДруGOY', 2011),
	(11, 'Небо и Земля', 1991),
	(12, 'ЧелоФилия', 2000),
	(13, 'Жанна', 2005),
	(14, 'За 4 моря', 2002),
	(15, 'Апельсиновый рай', 2003),
	(16, 'Certified Lover Boy', 2021),
	(17, 'Scorpion', 2018),
	(18, 'Views', 2016),
	(19, 'Encore', 2004),
	(20, 'Kamikaze', 2018),
	(21, 'Infinite', 1996);

INSERT INTO tracks (track_id, track_title, track_duration, album_id) VALUES
	(1, 'Space Oddity', 75, 1),
	(2, 'My heroes', 200, 1),
	(3, 'Let''s Dance', 99, 2),
	(4, 'Ashes To Ashes', 66, 2),
	(5, 'Ziggy Stardust', 123, 3),
	(6, 'Modern Love', 141, 3),
	(7, 'I Can’t Stop Loving You', 141, 4),
	(8, 'Steamroller Blues', 176, 4),
	(9, 'You Don’t Have To Say You Love Me', 124, 5),
	(10, 'Blue Suede Shoes', 75, 5),
	(11, 'My Dog', 81, 6),
	(12, 'Love Me Tender', 110, 6),
	(13, 'Всё идёт по плану', 120, 7),
	(14, 'Беспонтовый пирожок', 132, 7),
	(15, 'Русское поле экспериментов', 340, 8),
	(16, 'Мой зоопарк', 98, 8),
	(17, 'Вечная весна', 230, 9),
	(18, 'Мой оборона', 135, 9),
	(19, 'Хобби', 110, 10),
	(20, 'Королева', 164, 10),
	(21, 'Полетели', 113, 11),
	(22, 'Снег', 98, 11),
	(23, 'Роза чайная', 166, 12),
	(24, 'Зайка мой', 122, 12),
	(25, 'А на море белый песок', 180, 13),
	(26, 'Мой, бамбина', 144, 13),
	(27, 'Восточная сказка', 120, 14),
	(28, 'За четыре моря', 119, 14),
	(29, 'Я была', 76, 15),
	(30, 'Другая', 98, 15),
	(31, 'My Dance', 117, 16),
	(32, 'Hotline Bling', 112, 16),
	(33, 'Search & Rescue', 98, 17),
	(34, 'Passionfruit', 99, 17),
	(35, 'God''s Plan', 105, 18),
	(36, 'Toosie Slide', 113, 18),
	(37, 'Mockingbird', 98, 19),
	(38, 'Rap God', 109, 19),
	(39, 'Venom', 111, 20),
	(40, 'Passion my', 121, 20),
	(41, 'Rich Flex', 165, 21),
	(42, 'One Dance', 122, 21);

INSERT INTO collections (collection_id, collection_title, collection_year) VALUES
	(1, 'Songbook', 2018),
	(2, 'Collection of songs', 2019),
	(3, 'Song collection', 2020),
	(4, 'Hymnal', 2022);

INSERT INTO artist_albums (artist_id, album_id) VALUES
	(1, 1),
	(1, 2),
	(1, 3),
	(2, 4),
	(2, 5),
	(2, 6),
	(3, 7),
	(3, 8),
	(3, 9),
	(4, 10),
	(4, 11),
	(4, 12),
	(5, 13),
	(5, 14),
	(5, 15),
	(6, 16),
	(6, 17),
	(6, 18),
	(7, 19),
	(7, 20),
	(7, 21);

INSERT INTO artist_genres (artist_id, genre_id) VALUES
	(1, 1),
	(2, 1),
	(3, 1),
	(4, 2),
	(5, 2),
	(6, 3),
	(7, 3);

insert into collection_tracks (collection_id, track_id) values
	(1, 14),
	(1, 16),
	(1, 18);
insert into collection_tracks (collection_id, track_id) values
	(1, 22),
	(1, 24),
	(1, 17),
	(2, 31),
	(2, 33),
	(2, 35),
	(2, 37),
	(2, 39),
	(2, 41),
	(3, 1),
	(3, 3),
	(3, 5),
	(3, 7),
	(3, 9),
	(3, 12),
	(4, 2),
	(4, 4),
	(4, 6),
	(4, 13),
	(4, 15),
	(4, 18);